MODEL,n_categories,pearson_r,pearson_p,r_ci_lo,r_ci_hi
phi3-3b,11,0.909467917510292,0.0001036949700136,0.6812730545460504,0.976562551856172
llama3-8b,11,0.8922548455403034,0.000221219002662,0.6291004064155788,0.971918729645977
gemma3-12b,11,0.842656923126042,0.0011282537263714,0.4909533410782754,0.9581817579069801
gemma3-4b,11,0.7919532448421972,0.0036685720713778,0.3659141516815244,0.9435657034337186
oss-20b,11,0.5407186179490864,0.0858959686743045,-0.08755655352099978,0.8612390446434404
qwen3-8b,11,0.5388515852637432,0.0871980777980295,-0.09017044908809363,0.8605570411260712
ministral3-8b,11,0.3847787125114439,0.2426071866569911,-0.2796433335497933,0.7999987145024233
qwen3-4b,11,0.2183538169953599,0.518910688185001,-0.439027169991218,0.7234656793461995
ministral3-3b,11,-0.215698907807344,0.5241314749159954,-0.7221351339432858,0.44127354192245904
