MODEL,pearson_r,pearson_p,auroc_bad4,mae
phi3-3b,0.9094679175102923,0.00010369497001367787,0.9642857142857143,0.275380453170947
llama3-8b,0.8922548455403033,0.00022121900266205177,1.0,0.47358689072103677
gemma3-12b,0.8426569231260421,0.0011282537263714875,0.8214285714285714,0.5134309334665978
gemma3-4b,0.7919532448421971,0.003668572071377872,0.8214285714285714,0.6234104733018785
oss-20b,0.5407186179490885,0.0858959686743032,0.75,0.40042976925666646
qwen3-8b,0.5388515852637434,0.08719807779802938,0.7142857142857142,0.33878401632993743
ministral3-8b,0.38477871251144363,0.24260718665699138,0.8214285714285714,0.5872871522994735
qwen3-4b,0.21835381699535983,0.518910688185001,0.5,0.5464774131589262
ministral3-3b,-0.21569890780734438,0.524131474915995,0.25,0.5751123572159133
