MODEL,feature_set,n_categories,pearson_r,pearson_p,fisher_ci_lo,fisher_ci_hi
llama3-8b,L,11,0.7502786195075813,0.0078165283215024,0.2734975997085856,0.9310933059133417
llama3-8b,ES,11,0.8922548455403032,0.000221219002662,0.6291004064155782,0.9719187296459769
llama3-8b,ES + L,11,0.8926991805561222,0.0002172871554144,0.630418015316128,0.9720393897048946
gemma3-4b,L,11,0.3693396729728125,0.2636224174153492,-0.2961495325317827,0.7934252578516511
gemma3-4b,ES,11,0.7919532448421971,0.0036685720713778,0.365914151681524,0.9435657034337185
gemma3-4b,ES + L,11,0.7943904661522883,0.0034922760072285,0.37159208250619613,0.9442820438392435
gemma3-12b,L,11,0.3553965072739087,0.2834560509419627,-0.31072252395256733,0.7874024489636774
gemma3-12b,ES,11,0.842656923126042,0.0011282537263714,0.4909533410782754,0.9581817579069801
gemma3-12b,ES + L,11,0.8472369307376428,0.0009947111515379,0.5030096766241913,0.9594729801842637
phi3-3b,L,11,0.126923801353853,0.7099819877006232,-0.5119286492396474,0.6753767019390804
phi3-3b,ES,11,0.909467917510292,0.0001036949700136,0.6812730545460504,0.976562551856172
phi3-3b,ES + L,11,0.9127649761953968,8.818115527085028e-05,0.6915381533624958,0.9774449758079772
ministral3-3b,L,11,0.1141371598952688,0.7382642863544273,-0.5214398104612759,0.6682578731507016
ministral3-3b,ES,11,-0.215698907807345,0.5241314749159937,-0.7221351339432862,0.4412735419224582
ministral3-3b,ES + L,11,-0.1278275200864235,0.7079950184117093,-0.6758760001563294,0.5112504518505957
ministral3-8b,L,11,-0.1357431437512572,0.6906622093480694,-0.6802279313974007,0.505275944396999
ministral3-8b,ES,11,0.3847787125114444,0.2426071866569905,-0.2796433335497928,0.7999987145024235
ministral3-8b,ES + L,11,0.369127041204765,0.2639188062636331,-0.2963741201466061,0.7933340300311124
oss-20b,L,11,-0.0898117786801835,0.7928552426356701,-0.6544288850870743,0.5391081398514795
oss-20b,ES,11,0.5407186179490855,0.0858959686743052,-0.08755655352100099,0.86123904464344
oss-20b,ES + L,11,0.5932666259648443,0.0543640305011026,-0.01025965253747471,0.8799720575882812
qwen3-4b,L,11,0.0047169667145443,0.9890181985736484,-0.5968468791194379,0.6028860596560249
qwen3-4b,ES,11,0.21835381699536,0.5189106881850005,-0.4390271699912179,0.7234656793461997
qwen3-4b,ES + L,11,0.1263220524270699,0.7113059287017846,-0.5123797915719821,0.6750439608120217
qwen3-8b,L,11,0.4021241754338701,0.2201913428538865,-0.2606182879563057,0.807266851978753
qwen3-8b,ES,11,0.5388515852637431,0.0871980777980296,-0.09017044908809385,0.8605570411260711
qwen3-8b,ES + L,11,0.5080287080456726,0.1106048833616286,-0.13210614607209278,0.8491286115835809
