method,extremes_mae_median,extremes_mae_iqr,intermediate_mae_median,intermediate_mae_iqr
ES,0.08974976045767807,0.022055697004570954,0.13553330748901798,0.014143012256453369
ATC[mean],0.1433891185017102,0.08844082493604892,0.17071058914646067,0.11597573243862583
ATC[std],0.11468085467865903,0.06914300262401174,0.12180779002728605,0.09581902929259721
ATC[max],0.08824161696710306,0.006790816993646434,0.0752375277069251,0.012384114709679955
ATC[q10],0.11030750951960952,0.01819732411726828,0.13659146805478287,0.07200762554358581
ATC[q25],0.10535489532768712,0.04686464092609388,0.151627744200848,0.08483047013001596
ATC[q50],0.12830052553419252,0.060922931780443945,0.18822907647850776,0.10449878418466595
ATC[q75],0.16227611337283165,0.06924723657482981,0.19288719509989233,0.11260686208496433
ATC[q90],0.15771807697236417,0.09355703179713815,0.1888880431197548,0.09984516886765399
ATC[skewness],0.17319428254253175,0.0850726909307219,0.1971701023663998,0.06485025372774339
ATC[kurtosis],0.1751717199826543,0.0811469110498205,0.20945284726935923,0.06268204887379247
ATC[se_sum],0.11482168963747816,0.035016127271753766,0.07698250118522601,0.019569480427025318
ATC[nll_avg],0.15425080737518762,0.04229784373912504,0.22235142867927143,0.07399365359658946
ATC[nll_max],0.10138041676913895,0.11663718770640222,0.09660777312472851,0.11216740429604857
ATC[nll_sum],0.1103524417675165,0.04034703637438519,0.06882833845684552,0.029259145275238554
ATC[lntp],0.2348749073842482,0.11295321999093161,0.16342223027392236,0.1281904255185222
ATC[mtp],0.10138041676913895,0.11663718770640222,0.09660777312472851,0.11216740429604857
ATC[ppl],0.15425080737518762,0.04229784373912504,0.22235142867927143,0.07399365359658946
