stat,t0.3_min,t0.3_max,t0.5_min,t0.5_max,t0.7_min,t0.7_max,t1.0_min,t1.0_max
Mean,0.6570294691615146,0.7019889357218124,0.65732644409115,0.7283397683397683,0.7167033571821684,0.7457893668831168,0.7244424028989945,0.7476711018779575
Std,0.6499286639662836,0.6935754741833509,0.6681736883942767,0.7635006435006434,0.7415038525041276,0.7616172889610389,0.752173395260212,0.7727164685908319
Max,0.705472375735909,0.7166425184404637,0.7234201112877583,0.7951608751608752,0.769847275729224,0.7899104320337198,0.7669288222782806,0.798590831918506
Q10,0.81215,0.8337788418963907,0.805991653418124,0.8302400026537957,0.8284542939936774,0.837121212121212,0.8004649552356927,0.831028088262815
Q25,0.7944833333333334,0.8194952360648747,0.7935049019607843,0.8142177107694349,0.8095246285085306,0.8230012175324676,0.7824603056833359,0.8075673284676501
Q50,0.7148749999999999,0.7319629214963119,0.7136824324324325,0.7436516229619679,0.7504471656576776,0.7620356954689146,0.7324528861848939,0.7354838709677418
Q75,0.6530362911822103,0.692760471548999,0.658535373608903,0.6969779900814385,0.6897014309301046,0.7192742153679653,0.6965582946290342,0.7120080460338657
Q90,0.6634666666666669,0.6964156348788197,0.645733969263381,0.7130158730158731,0.693725921849202,0.7305279356060604,0.7148641521631875,0.7452638868279171
Skew,0.5863499999999999,0.6467663329820864,0.582240328563858,0.6089134364996435,0.6027449091909742,0.6468817640692641,0.6029874615083618,0.6283655669321199
Kurt,0.56505,0.6283423340358272,0.5571509009009009,0.5783118541739232,0.5790795266923501,0.617677895021645,0.5792034570169619,0.6041426146010187
SEA,0.7866166666666666,0.8164350632244468,0.8048158452570218,0.8255626876316531,0.8034018987341771,0.839251893939394,0.811646859083192,0.8147807890573164
NLLavg,0.6287082438216435,0.6599216280295047,0.6252980922098569,0.6982754182754183,0.6878267749036874,0.7155877976190477,0.7129587097432757,0.7370797962648555
NLLmax,0.6639966412012646,0.6925833333333333,0.6688526762056175,0.6983214741835432,0.6708788856691253,0.7074540043290043,0.6788428879985491,0.704520321883666
NLLsum,0.7686833333333333,0.7873913329820863,0.7736320879703231,0.8170539549849895,0.7854464777105118,0.829596185064935,0.7979093502168142,0.8132836557273856
LNTP,0.6287082438216435,0.6599216280295047,0.625298092209857,0.6982754182754183,0.6878267749036875,0.7155877976190477,0.7129587097432757,0.7370797962648556
MTP,0.6640213382507902,0.6925833333333333,0.6688526762056174,0.6983214741835432,0.6708788856691255,0.7074540043290043,0.6788428879985491,0.704520321883666
PPL,0.6287082438216435,0.6599216280295047,0.6252980922098569,0.6982754182754183,0.6878267749036874,0.7155877976190477,0.7129587097432757,0.7370797962648555
